{"EguUf2foUeJnHDpEsfMR/Q==":"tec-ug%2020190828-71040-122x96.jpg","uxFRJUlzZOC+8SDg995ODg==":"tec-ug%2020190828-71040-192x151.jpg","g37Exd3yScyDXOicUGsgfg==":"header-bg-1920x820.jpg","9Gcnki+oVnPXEHIGe7jsWQ==":"hero-1-1900x1267.jpg","7Rdh2/AmygorarPP7vm9ow==":"img-20191125-wa0003-754x566.jpg","AsPa7Lqz9m3LEXLnjZpxZw==":"img-20191223-wa0080-754x377.jpg","qEeBEmEgEXMoJGP/DAdunA==":"img-20191223-wa0080-1040x520.jpg","qWg7Wozt8EQNmYh4kQ0lEA==":"img-20191223-wa0080-1040x520.jpeg","TsA3+5lcmEQG4QyEobFlGw==":"img_20200506_151157-951-1080x720.jpg","aqE3rdTX5grjt6dCCiF6Hw==":"img_20200506_151157-952-1080x720.jpg"}